-- CS4400: Introduction to Database Systems: Wednesday, August 18, 2021
-- Mini-Exams #1 & #5: Simple Database for the Groceries Database 
-- This version of the database is intended to work with legacy versions of MySQL
-- [Optional] Use this file if you would only like to work with the basic
-- database structure (initial state only)

drop database if exists delivery_scenario;
create database if not exists delivery_scenario;
use delivery_scenario;

-- -----------------------------------------------
-- table structures
-- -----------------------------------------------

create table users (
uname varchar(40) not null,
first_name varchar(100) not null,
last_name varchar(100) not null,
address varchar(500) not null,
birthdate date default null,
primary key (uname)
) engine = innodb;

create table customers (
uname varchar(40) not null,
rating integer not null,
credit integer not null,
primary key (uname)
) engine = innodb;

create table employees (
uname varchar(40) not null,
taxID varchar(40) not null,
hired date not null,
service integer not null,
salary integer not null,
primary key (uname),
unique key (taxID)
) engine = innodb;

create table drone_pilots (
uname varchar(40) not null,
licenseID varchar(40) not null,
experience integer not null,
primary key (uname),
unique key (licenseID)
) engine = innodb;

create table floor_workers (
uname varchar(40) not null,
primary key (uname)
) engine = innodb;

create table items (
barcode varchar(40) not null,
iname varchar(100) not null,
weight integer not null,
primary key (barcode)
) engine = innodb;

create table orders (
orderID varchar(40) not null,
sold_on date not null,
purchased_by varchar(40) not null,
carrier_store varchar(40) not null,
carrier_tag integer not null,
primary key (orderID)
) engine = innodb;

create table stores (
storeID varchar(40) not null,
sname varchar(100) not null,
revenue integer not null,
manager varchar(40) not null,
primary key (storeID)
) engine = innodb;

create table drones (
storeID varchar(40) not null,
droneTag integer not null,
capacity integer not null,
remaining_trips integer not null,
pilot varchar(40) not null,
primary key (storeID, droneTag)
) engine = innodb;

create table order_lines (
orderID varchar(40) not null,
barcode varchar(40) not null,
price integer not null,
quantity integer not null,
primary key (orderID, barcode)
) engine = innodb;

create table employed_workers (
storeID varchar(40) not null,
uname varchar(40) not null,
primary key (storeID, uname)
) engine = innodb;

-- -----------------------------------------------
-- table data
-- -----------------------------------------------

insert into users values
('jstone5', 'Jared', 'Stone', '101 Five Finger Way', '1961-01-06'),
('sprince6', 'Sarah', 'Prince', '22 Peachtree Street', '1968-06-15'),
('awilson5', 'Aaron', 'Wilson', '220 Peachtree Street', '1963-11-11'),
('lrodriguez5', 'Lina', 'Rodriguez', '360 Corkscrew Circle', '1975-04-02'),
('tmccall5', 'Trey', 'McCall', '360 Corkscrew Circle', '1973-03-19'),
('eross10', 'Erica', 'Ross', '22 Peachtree Street', '1975-04-02'),
('hstark16', 'Harmon', 'Stark', '53 Tanker Top Lane', '1971-10-27'),
('echarles19', 'Ella', 'Charles', '22 Peachtree Street', '1974-05-06'),
('csoares8', 'Claire', 'Soares', '706 Living Stone Way', '1965-09-03'),
('agarcia7', 'Alejandro', 'Garcia', '710 Living Water Drive', '1966-10-29'),
('bsummers4', 'Brie', 'Summers', '5105 Dragon Star Circle', '1976-02-09'),
('cjordan5', 'Clark', 'Jordan', '77 Infinite Stars Road', '1966-06-05'),
('fprefontaine6', 'Ford', 'Prefontaine', '10 Hitch Hikers Lane', '1961-01-28'),
('ghopper5', 'Gracie', 'Hopper', '117 Compiler Circle', '1970-06-18'),
('klandis8', 'Kevin', 'Landis', '22 Bonsai Tree Lane', '1966-08-19'),
('sturing13', 'Sally', 'Turing', '2 Automata Avenue', '1968-07-08');

insert into customers values
('jstone5', 4, 40),
('sprince6', 5, 30),
('awilson5', 2, 100),
('lrodriguez5', 4, 60),
('bsummers4', 3, 110),
('cjordan5', 3, 50),
('sturing13', 5, 90);

insert into employees values
('awilson5', '111-11-1111', '2020-03-15', 9, 46000),
('lrodriguez5', '222-22-2222', '2019-04-15', 20, 58000),
('tmccall5', '333-33-3333', '2018-10-17', 29, 33000),
('eross10', '444-44-4444', '2020-04-17', 10, 61000),
('hstark16', '555-55-5555', '2018-07-23', 20, 59000),
('echarles19', '777-77-7777', '2021-01-02', 3, 27000),
('csoares8', '888-88-8888', '2019-02-25', 26, 57000),
('agarcia7', '999-99-9999', '2019-03-17', 24, 41000),
('bsummers4', '000-00-0000', '2018-12-06', 17, 35000),
('fprefontaine6', '121-21-2121', '2020-04-19', 5, 20000),
('ghopper5', '232-32-3232', '2020-04-19', 27, 33000),
('klandis8', '454-54-5454', '2020-04-19', 2, 27000);

insert into floor_workers values
('eross10'),
('hstark16'),
('echarles19'),
('ghopper5'),
('klandis8');

insert into stores values
('pub', 'Publix', 200, 'hstark16'),
('krg', 'Kroger', 300, 'echarles19'),
('whf', 'Whole_Foods', 600, 'ghopper5');

insert into employed_workers values
('pub', 'eross10'),
('pub', 'hstark16'),
('krg', 'eross10'),
('krg', 'echarles19'),
('krg', 'klandis8'),
('whf', 'ghopper5'),
('whf', 'klandis8');

insert into drone_pilots values
('awilson5', '314159', 41),
('lrodriguez5', '287182', 67),
('tmccall5', '181633', 10),
('agarcia7', '610623', 38),
('bsummers4', '411911', 35),
('fprefontaine6', '657483', 2);

insert into drones values
('pub', 1, 10, 3, 'awilson5'),
('pub', 2, 20, 2, 'lrodriguez5'),
('krg', 1, 15, 4, 'tmccall5'),
('pub', 9, 45, 1, 'fprefontaine6');

insert into items values
('pr_3C6A9R', 'pot roast', 6),
('ss_2D4E6L', 'shrimp salad', 3),
('hs_5E7L23M', 'hoagie sandwich', 3),
('clc_4T9U25X', 'chocolate lava cake', 5),
('ap_9T25E36L', 'antipasto platter', 4);

insert into orders values
('pub_303', '2021-05-23', 'sprince6', 'pub', 1),
('pub_305', '2021-05-22', 'sprince6', 'pub', 2),
('krg_217', '2021-05-23', 'jstone5', 'krg', 1),
('pub_306', '2021-05-22', 'awilson5', 'pub', 2);

insert into order_lines values
('pub_303', 'pr_3C6A9R', 20, 1),
('pub_303', 'ap_9T25E36L', 4, 1),
('pub_305', 'clc_4T9U25X', 10, 2),
('pub_306', 'hs_5E7L23M', 3, 2),
('pub_306', 'ap_9T25E36L', 10, 1),
('krg_217', 'pr_3C6A9R', 15, 2);
